USE `system`;
SET NAMES utf8mb4;

-- 测试数据说明：
-- 1. 本文件依赖 `数据库建表SQL.sql` 已先执行成功。
-- 2. 本文件为演示和测试用途，采用固定主键，便于复现测试场景。
-- 3. 如需重复执行，可直接在全新数据库中重新导入建表脚本后再执行本文件。

-- 测试角色数据
INSERT IGNORE INTO `role` (`id`, `code`, `name`, `description`, `status`) VALUES
(1, 'ADMIN', '管理员', '系统管理员角色', 1),
(2, 'EMPLOYEE', '员工', '普通员工角色', 1);

-- 测试部门数据
INSERT IGNORE INTO `department` (`id`, `name`, `description`) VALUES
(1, '管理部', '负责系统管理与统筹'),
(2, '技术部', '负责系统研发与维护'),
(3, '行政部', '负责日常行政支持'),
(4, '财务部', '负责财务核算与预算控制'),
(5, '人力资源部', '负责招聘培训与员工关系'),
(6, '市场部', '负责市场推广与品牌活动'),
(7, '运营部', '负责运营协调与流程优化'),
(8, '客服部', '负责客户咨询与工单处理'),
(9, '法务合规部', '负责合同审核与合规管理');

-- 测试设备数据
INSERT IGNORE INTO `device` (`id`, `name`, `location`, `status`, `description`) VALUES
('DEV-001', '办公区A考勤机', '办公区A', 1, '办公区A默认设备'),
('DEV-002', '办公区B考勤机', '办公区B', 1, '办公区B默认设备'),
('DEV-009', '外部区域临时设备', '外部区域', 1, '用于异常场景演示');

-- 测试用户数据
INSERT IGNORE INTO `user` (`id`, `username`, `password`, `realName`, `gender`, `phone`, `deptId`, `roleId`, `status`, `createTime`) VALUES
(9001, 'admin', '$2a$10$DII2rUub7WSmcTFOa/4AtumHq9r3yDGwQ4gHW1pvyx51.dE.Abliu', '系统管理员', '男', '13800000001', 1, 1, 1, '2026-03-01 08:00:00'),
(1001, 'zhangsan', '$2a$10$TiGjwQPnktIxrPqz6JoTq..Ur4rmqn9zDtlvRvbZWIqcSDXGLQJZm', '张三', '男', '13800000002', 2, 2, 1, '2026-03-01 08:10:00'),
(1002, 'lisi', '$2a$10$Cw71Sz28BSmh1fcOBJIAXOagYeMZjJRl6UEU4n8kQMGESv3RgL0SC', '李四', '女', '13800000003', 3, 2, 1, '2026-03-01 08:20:00'),
(1003, 'wangwu', '$2a$10$TiGjwQPnktIxrPqz6JoTq..Ur4rmqn9zDtlvRvbZWIqcSDXGLQJZm', '王五', '男', '13800000004', 4, 2, 1, '2026-03-01 08:30:00'),
(1004, 'zhaoliu', '$2a$10$TiGjwQPnktIxrPqz6JoTq..Ur4rmqn9zDtlvRvbZWIqcSDXGLQJZm', '赵六', '女', '13800000005', 5, 2, 1, '2026-03-01 08:40:00'),
(1005, 'sunqi', '$2a$10$TiGjwQPnktIxrPqz6JoTq..Ur4rmqn9zDtlvRvbZWIqcSDXGLQJZm', '孙七', '男', '13800000006', 6, 2, 1, '2026-03-01 08:50:00'),
(1006, 'zhouba', '$2a$10$TiGjwQPnktIxrPqz6JoTq..Ur4rmqn9zDtlvRvbZWIqcSDXGLQJZm', '周八', '女', '13800000007', 7, 2, 1, '2026-03-01 09:00:00'),
(1007, 'wuxiao', '$2a$10$TiGjwQPnktIxrPqz6JoTq..Ur4rmqn9zDtlvRvbZWIqcSDXGLQJZm', '吴晓', '女', '13800000008', 8, 2, 1, '2026-03-01 09:10:00'),
(1008, 'zhengjiu', '$2a$10$TiGjwQPnktIxrPqz6JoTq..Ur4rmqn9zDtlvRvbZWIqcSDXGLQJZm', '郑久', '男', '13800000009', 9, 2, 1, '2026-03-01 09:20:00'),
(1009, 'chenyu', '$2a$10$TiGjwQPnktIxrPqz6JoTq..Ur4rmqn9zDtlvRvbZWIqcSDXGLQJZm', '陈宇', '男', '13800000010', 2, 2, 1, '2026-03-01 09:30:00'),
(1010, 'liuyang', '$2a$10$TiGjwQPnktIxrPqz6JoTq..Ur4rmqn9zDtlvRvbZWIqcSDXGLQJZm', '刘洋', '男', '13800000011', 2, 2, 1, '2026-03-01 09:40:00'),
(1011, 'hejing', '$2a$10$TiGjwQPnktIxrPqz6JoTq..Ur4rmqn9zDtlvRvbZWIqcSDXGLQJZm', '何静', '女', '13800000012', 3, 2, 1, '2026-03-01 09:50:00'),
(1012, 'pengfei', '$2a$10$TiGjwQPnktIxrPqz6JoTq..Ur4rmqn9zDtlvRvbZWIqcSDXGLQJZm', '彭飞', '男', '13800000013', 4, 2, 1, '2026-03-01 10:00:00'),
(1013, 'denglin', '$2a$10$TiGjwQPnktIxrPqz6JoTq..Ur4rmqn9zDtlvRvbZWIqcSDXGLQJZm', '邓琳', '女', '13800000014', 5, 2, 1, '2026-03-01 10:10:00'),
(1014, 'xiaomin', '$2a$10$TiGjwQPnktIxrPqz6JoTq..Ur4rmqn9zDtlvRvbZWIqcSDXGLQJZm', '晓敏', '女', '13800000015', 6, 2, 1, '2026-03-01 10:20:00'),
(1015, 'gaoyuan', '$2a$10$TiGjwQPnktIxrPqz6JoTq..Ur4rmqn9zDtlvRvbZWIqcSDXGLQJZm', '高远', '男', '13800000016', 7, 2, 1, '2026-03-01 10:30:00'),
(1016, 'tianxin', '$2a$10$TiGjwQPnktIxrPqz6JoTq..Ur4rmqn9zDtlvRvbZWIqcSDXGLQJZm', '田欣', '女', '13800000017', 8, 2, 1, '2026-03-01 10:40:00'),
(1017, 'guole', '$2a$10$TiGjwQPnktIxrPqz6JoTq..Ur4rmqn9zDtlvRvbZWIqcSDXGLQJZm', '国乐', '男', '13800000018', 9, 2, 1, '2026-03-01 10:50:00'),
(1018, 'linfan', '$2a$10$TiGjwQPnktIxrPqz6JoTq..Ur4rmqn9zDtlvRvbZWIqcSDXGLQJZm', '林帆', '男', '13800000019', 6, 2, 1, '2026-03-01 11:00:00'),
(1019, 'yaonan', '$2a$10$TiGjwQPnktIxrPqz6JoTq..Ur4rmqn9zDtlvRvbZWIqcSDXGLQJZm', '姚楠', '女', '13800000020', 7, 2, 1, '2026-03-01 11:10:00'),
(1020, 'qiaorui', '$2a$10$TiGjwQPnktIxrPqz6JoTq..Ur4rmqn9zDtlvRvbZWIqcSDXGLQJZm', '乔蕊', '女', '13800000021', 5, 2, 1, '2026-03-01 11:20:00');

-- 测试人脸特征数据
INSERT IGNORE INTO `faceFeature` (`id`, `userId`, `featureData`, `featureHash`, `encryptFlag`, `createTime`) VALUES
(1101, 1001, 'feature-data-zhangsan', 'hash-zhangsan-001', 1, '2026-03-01 09:00:00'),
(1102, 1002, 'feature-data-lisi', 'hash-lisi-001', 1, '2026-03-01 09:05:00'),
(1103, 9001, 'feature-data-admin', 'hash-admin-001', 1, '2026-03-01 09:10:00');

-- 测试打卡记录数据
INSERT IGNORE INTO `attendanceRecord` (`id`, `userId`, `checkTime`, `checkType`, `deviceId`, `ipAddr`, `location`, `faceScore`, `status`, `createTime`) VALUES
(2001, 1001, '2026-03-26 08:58:00', 'IN', 'DEV-001', '192.168.1.101', '办公区A', 96.50, 'NORMAL', '2026-03-26 08:58:00'),
(2002, 1001, '2026-03-26 18:02:00', 'OUT', 'DEV-001', '192.168.1.101', '办公区A', 97.10, 'NORMAL', '2026-03-26 18:02:00'),
(2003, 1002, '2026-03-26 08:58:30', 'IN', 'DEV-009', '10.10.10.9', '外部区域', 82.40, 'ABNORMAL', '2026-03-26 08:58:30'),
(2004, 1002, '2026-03-26 09:16:00', 'IN', 'DEV-002', '192.168.1.102', '办公区B', 95.20, 'ABNORMAL', '2026-03-26 09:16:00'),
(2005, 1001, '2026-03-26 09:00:00', 'IN', 'DEV-001', '192.168.1.101', '办公区A', 96.40, 'ABNORMAL', '2026-03-26 09:00:00'),
(2006, 1003, '2026-03-26 08:57:00', 'IN', 'DEV-002', '192.168.1.103', '办公区B', 97.30, 'NORMAL', '2026-03-26 08:57:00'),
(2007, 1004, '2026-03-26 08:59:00', 'IN', 'DEV-001', '192.168.1.104', '办公区A', 96.90, 'NORMAL', '2026-03-26 08:59:00'),
(2008, 1005, '2026-03-26 09:01:00', 'IN', 'DEV-002', '192.168.1.105', '办公区B', 95.80, 'NORMAL', '2026-03-26 09:01:00'),
(2009, 1006, '2026-03-26 08:56:00', 'IN', 'DEV-001', '192.168.1.106', '办公区A', 97.60, 'NORMAL', '2026-03-26 08:56:00'),
(2010, 1007, '2026-03-26 08:55:30', 'IN', 'DEV-002', '192.168.1.107', '办公区B', 98.10, 'NORMAL', '2026-03-26 08:55:30'),
(2011, 1008, '2026-03-26 08:58:40', 'IN', 'DEV-001', '192.168.1.108', '办公区A', 96.70, 'NORMAL', '2026-03-26 08:58:40'),
(2012, 1009, '2026-04-08 09:18:00', 'IN', 'DEV-001', '192.168.1.109', '办公区A', 95.40, 'ABNORMAL', '2026-04-08 09:18:00'),
(2013, 1010, '2026-04-08 08:47:00', 'IN', 'DEV-009', '10.20.10.10', '外部区域', 83.20, 'ABNORMAL', '2026-04-08 08:47:00'),
(2014, 1011, '2026-04-08 17:32:00', 'OUT', 'DEV-002', '192.168.1.111', '办公区B', 96.10, 'ABNORMAL', '2026-04-08 17:32:00'),
(2015, 1012, '2026-04-08 09:04:00', 'IN', 'DEV-001', '192.168.1.112', '办公区A', 94.30, 'ABNORMAL', '2026-04-08 09:04:00'),
(2016, 1013, '2026-04-09 06:20:00', 'IN', 'DEV-002', '192.168.1.113', '远程办公点', 91.20, 'ABNORMAL', '2026-04-09 06:20:00'),
(2017, 1014, '2026-04-09 09:26:00', 'IN', 'DEV-002', '192.168.1.114', '办公区B', 95.00, 'ABNORMAL', '2026-04-09 09:26:00'),
(2018, 1015, '2026-04-09 08:49:00', 'IN', 'DEV-009', '10.20.10.15', '外部区域', 84.60, 'ABNORMAL', '2026-04-09 08:49:00'),
(2019, 1016, '2026-04-09 17:12:00', 'OUT', 'DEV-001', '192.168.1.116', '办公区A', 96.40, 'ABNORMAL', '2026-04-09 17:12:00'),
(2020, 1017, '2026-04-10 09:12:00', 'IN', 'DEV-001', '192.168.1.117', '办公区A', 93.80, 'ABNORMAL', '2026-04-10 09:12:00'),
(2021, 1018, '2026-04-10 09:03:00', 'IN', 'DEV-002', '192.168.1.118', '办公区B', 97.60, 'ABNORMAL', '2026-04-10 09:03:00'),
(2022, 1019, '2026-04-10 08:41:00', 'IN', 'DEV-009', '10.20.10.19', '外部区域', 82.70, 'ABNORMAL', '2026-04-10 08:41:00'),
(2023, 1020, '2026-04-10 17:18:00', 'OUT', 'DEV-001', '192.168.1.120', '办公区A', 96.90, 'ABNORMAL', '2026-04-10 17:18:00');

-- 测试补卡申请数据
INSERT IGNORE INTO `attendanceRepair` (`id`, `userId`, `checkType`, `checkTime`, `repairReason`, `status`, `recordId`, `createTime`) VALUES
(2101, 1001, 'IN', '2026-03-27 09:03:00', '设备故障未成功打卡', 'PENDING', NULL, '2026-03-27 09:10:00');

-- 测试异常记录数据
INSERT IGNORE INTO `attendanceException` (`id`, `recordId`, `userId`, `type`, `riskLevel`, `sourceType`, `description`, `processStatus`, `createTime`) VALUES
(3001, 2003, 1002, 'PROXY_CHECKIN', 'HIGH', 'MODEL', '疑似代打卡，设备与地点异常且人脸分数偏低', 'REVIEWED', '2026-03-26 08:59:00'),
(3002, 2004, 1002, 'LATE', 'MEDIUM', 'RULE', '超过上班时间阈值，判定为迟到', 'PENDING', '2026-03-26 09:16:10'),
(3003, 2005, 1001, 'REPEAT_CHECK', 'MEDIUM', 'RULE', '短时间内重复打卡', 'PENDING', '2026-03-26 09:00:10'),
(3010, 2012, 1009, 'LATE', 'MEDIUM', 'RULE', '陈宇迟到18分钟', 'PENDING', '2026-04-08 09:18:10'),
(3011, 2013, 1010, 'PROXY_CHECKIN', 'HIGH', 'MODEL', '刘洋在外部设备打卡且人脸分数偏低', 'REVIEWED', '2026-04-08 08:47:10'),
(3012, 2014, 1011, 'EARLY_LEAVE', 'LOW', 'RULE', '何静提前离岗', 'PENDING', '2026-04-08 17:32:10'),
(3013, 2015, 1012, 'REPEAT_CHECK', 'MEDIUM', 'RULE', '彭飞短时间重复签到', 'REVIEWED', '2026-04-08 09:04:10'),
(3014, 2016, 1013, 'ILLEGAL_TIME', 'MEDIUM', 'RULE', '邓琳在非工作时段打卡', 'PENDING', '2026-04-09 06:20:10'),
(3015, 2017, 1014, 'LATE', 'MEDIUM', 'RULE', '晓敏迟到26分钟', 'PENDING', '2026-04-09 09:26:10'),
(3016, 2018, 1015, 'MULTI_LOCATION_CONFLICT', 'HIGH', 'MODEL', '高远短时跨区域打卡', 'REVIEWED', '2026-04-09 08:49:10'),
(3017, 2019, 1016, 'EARLY_LEAVE', 'LOW', 'RULE', '田欣提前下班打卡', 'PENDING', '2026-04-09 17:12:10'),
(3018, 2020, 1017, 'LATE', 'MEDIUM', 'RULE', '国乐迟到12分钟', 'PENDING', '2026-04-10 09:12:10'),
(3019, 2021, 1018, 'REPEAT_CHECK', 'LOW', 'RULE', '林帆同时间段重复提交打卡', 'REVIEWED', '2026-04-10 09:03:10'),
(3020, 2022, 1019, 'PROXY_CHECKIN', 'HIGH', 'MODEL', '姚楠在外部设备打卡且存在代打卡风险', 'REVIEWED', '2026-04-10 08:41:10'),
(3021, 2023, 1020, 'EARLY_LEAVE', 'MEDIUM', 'RULE', '乔蕊提前离岗42分钟', 'PENDING', '2026-04-10 17:18:10');

-- 测试异常类型配置数据
INSERT IGNORE INTO `exceptionType` (`id`, `code`, `name`, `description`, `status`, `createTime`, `updateTime`) VALUES
(7201, 'PROXY_CHECKIN', '疑似代打卡', '疑似由他人代为完成考勤打卡', 1, '2026-03-20 09:00:00', '2026-03-20 09:00:00'),
(7202, 'LATE', '迟到', '超过上班时间阈值的异常打卡', 1, '2026-03-20 09:01:00', '2026-03-20 09:01:00'),
(7203, 'EARLY_LEAVE', '早退', '早于下班时间阈值的异常打卡', 1, '2026-03-20 09:02:00', '2026-03-20 09:02:00'),
(7204, 'REPEAT_CHECK', '重复打卡', '短时间内重复提交同类打卡', 1, '2026-03-20 09:03:00', '2026-03-20 09:03:00'),
(7205, 'ILLEGAL_TIME', '非法时间打卡', '发生在非法时间段的异常打卡', 1, '2026-03-20 09:04:00', '2026-03-20 09:04:00');

-- 测试异常分析数据
INSERT IGNORE INTO `promptTemplate` (`id`, `code`, `name`, `sceneType`, `version`, `content`, `status`, `remark`, `createTime`, `updateTime`) VALUES
(8001, 'COMPLEX_EXCEPTION', '复杂异常分析模板', 'EXCEPTION_ANALYSIS', 'v1.0', '请基于输入摘要、风险特征和历史记录输出结构化结论、风险等级、判定依据与处理建议。', 'ENABLED', '默认复杂异常分析模板', '2026-03-20 10:00:00', '2026-03-20 10:00:00'),
(8002, 'WARNING_BRIEF', '预警摘要模板', 'WARNING_ADVICE', 'v1.0', '请根据异常结论生成预警摘要、优先级和处置建议。', 'ENABLED', '默认预警摘要模板', '2026-03-20 10:05:00', '2026-03-20 10:05:00'),
(8003, 'REVIEW_ASSISTANT', '复核辅助模板', 'REVIEW_ASSISTANT', 'v1.0', '请根据异常信息、历史记录和分析结果输出复核建议与相似案例摘要。', 'ENABLED', '默认复核辅助模板', '2026-03-20 10:10:00', '2026-03-20 10:10:00');

-- 测试异常分析数据
INSERT IGNORE INTO `exceptionAnalysis` (`id`, `exceptionId`, `promptTemplateId`, `inputSummary`, `modelResult`, `modelConclusion`, `confidenceScore`, `decisionReason`, `suggestion`, `reasonSummary`, `actionSuggestion`, `similarCaseSummary`, `promptVersion`, `createTime`) VALUES
(4001, 3001, 8001, '用户1002在异常设备DEV-009、外部区域打卡，人脸分数82.4', '疑似代打卡，建议进入高优先级复核', 'PROXY_CHECKIN', 92.50, '设备异常、地点异常、分数临界且与历史行为不一致', '建议管理员人工复核', '设备切换、地点异常与临界人脸分数共同提升了代打卡风险', '建议优先由管理员确认是否存在代打卡行为', '历史上存在相似的设备异常与低分值组合案例', 'v1.0', '2026-03-26 08:59:10'),
(4010, 3010, 8001, '陈宇在工作日上午09:18打卡', '识别为迟到异常，建议提醒准时到岗', 'LATE', 73.20, '超过默认上班阈值18分钟', '建议部门负责人跟进提醒', '存在到岗时间明显晚于正常区间的行为', '建议连续关注本周到岗稳定性', '历史同类迟到样本以提醒整改为主', 'v1.0', '2026-04-08 09:18:20'),
(4011, 3011, 8001, '刘洋在外部区域设备打卡且分值偏低', '疑似代打卡高风险，建议优先复核', 'PROXY_CHECKIN', 93.80, '外部设备、人脸分值偏低且行为异常', '建议管理员优先人工核验', '外部设备与低分值叠加明显提升代打卡风险', '建议查看同日轨迹与设备使用情况', '存在外部设备场景的高风险案例', 'v1.0', '2026-04-08 08:47:20'),
(4012, 3012, 8001, '何静于17:32完成下班打卡', '识别为早退异常，建议留档观察', 'EARLY_LEAVE', 61.00, '明显早于正常下班时段', '建议记录并观察是否重复发生', '离岗时间早于规则阈值', '建议结合近期出勤整体判断', '同类早退样本多为偶发情况', 'v1.0', '2026-04-08 17:32:20'),
(4013, 3013, 8001, '彭飞在短时间内重复签到', '识别为重复打卡，建议核对是否误操作', 'REPEAT_CHECK', 70.10, '同时间段重复提交打卡', '建议查看原始打卡记录', '重复打卡行为与规则阈值冲突', '建议排查是否存在误触发', '历史样本中常见于重复触发', 'v1.0', '2026-04-08 09:04:20'),
(4014, 3014, 8001, '邓琳在06:20完成打卡', '识别为非法时间打卡，建议核验排班', 'ILLEGAL_TIME', 69.50, '发生在非规定工作时段', '建议核对排班与审批记录', '打卡时间超出规则时间窗', '建议核实是否存在临时加班安排', '历史同类样本多与排班变更有关', 'v1.0', '2026-04-09 06:20:20'),
(4015, 3015, 8001, '晓敏在09:26完成签到', '识别为迟到异常，建议提醒考勤纪律', 'LATE', 74.60, '超过上班阈值26分钟', '建议部门负责人提醒', '到岗时间显著晚于正常区间', '建议关注后续到岗波动', '同类迟到样本多通过提醒改善', 'v1.0', '2026-04-09 09:26:20'),
(4016, 3016, 8001, '高远在外部区域设备完成打卡', '识别为多地点异常高风险，建议优先复核', 'MULTI_LOCATION_CONFLICT', 91.40, '外部设备与地点跨度异常', '建议核验现场轨迹与设备情况', '短时跨区域行为不符合常规考勤路线', '建议重点复核同日位置变化', '历史高风险多地点异常样本较多', 'v1.0', '2026-04-09 08:49:20'),
(4017, 3017, 8001, '田欣于17:12完成下班打卡', '识别为早退异常，建议继续观察', 'EARLY_LEAVE', 58.40, '明显早于下班时间阈值', '建议记录并提醒', '离岗时间早于规则要求', '建议核对是否存在请假或外勤', '历史同类样本以提醒为主', 'v1.0', '2026-04-09 17:12:20'),
(4018, 3018, 8001, '国乐在09:12完成签到', '识别为迟到异常，建议提醒准时到岗', 'LATE', 72.30, '超过上班阈值12分钟', '建议部门关注考勤纪律', '到岗时间略晚于正常范围', '建议结合近期趋势观察', '同类迟到样本多为轻度异常', 'v1.0', '2026-04-10 09:12:20'),
(4019, 3019, 8001, '林帆在同时间段重复提交打卡', '识别为重复打卡，建议核对是否误操作', 'REPEAT_CHECK', 63.80, '短时重复签到', '建议核验设备日志', '重复打卡规则命中', '建议确认是否为误触或补打卡', '历史同类样本多数为误操作', 'v1.0', '2026-04-10 09:03:20'),
(4020, 3020, 8001, '姚楠在外部区域设备打卡且分值较低', '识别为疑似代打卡高风险，建议立即复核', 'PROXY_CHECKIN', 94.10, '外部设备、低分值与行为特征叠加', '建议管理员立即复核', '多项高风险特征同时命中', '建议核验同日位置与设备使用情况', '历史相似场景多被确认异常', 'v1.0', '2026-04-10 08:41:20'),
(4021, 3021, 8001, '乔蕊于17:18完成下班打卡', '识别为早退异常，建议留档观察', 'EARLY_LEAVE', 67.10, '早于正常下班时段42分钟', '建议部门负责人关注', '下班时间明显提前', '建议核实是否存在提前离岗审批', '同类早退样本常需结合审批判断', 'v1.0', '2026-04-10 17:18:20');

-- 测试预警数据
INSERT IGNORE INTO `warningRecord` (`id`, `exceptionId`, `type`, `level`, `status`, `priorityScore`, `aiSummary`, `disposeSuggestion`, `decisionSource`, `sendTime`) VALUES
(5001, 3001, 'RISK_WARNING', 'HIGH', 'PROCESSED', 96.00, '该异常具备代打卡高风险特征，建议优先处理。', '建议管理员立即查看异常详情并发起复核。', 'MODEL_FUSION', '2026-03-26 08:59:20'),
(5002, 3002, 'ATTENDANCE_WARNING', 'MEDIUM', 'UNPROCESSED', 68.00, '该员工存在迟到行为，建议继续观察近期出勤情况。', '建议记录本次异常并结合历史记录决定是否升级。', 'RULE', '2026-03-26 09:16:20'),
(5003, 3003, 'ATTENDANCE_WARNING', 'MEDIUM', 'UNPROCESSED', 70.00, '该员工存在重复打卡行为，建议复查是否为误操作。', '建议查看同时间段原始打卡记录。', 'RULE', '2026-03-26 09:00:20'),
(5010, 3010, 'ATTENDANCE_WARNING', 'MEDIUM', 'UNPROCESSED', 73.20, '陈宇出现迟到异常，建议及时提醒。', '建议部门负责人关注本周到岗情况。', 'RULE', '2026-04-08 09:18:30'),
(5011, 3011, 'RISK_WARNING', 'HIGH', 'PROCESSED', 93.80, '刘洋存在疑似代打卡高风险。', '建议优先查看异常详情并完成复核。', 'MODEL_FUSION', '2026-04-08 08:47:30'),
(5012, 3012, 'ATTENDANCE_WARNING', 'LOW', 'UNPROCESSED', 61.00, '何静出现早退情况。', '建议记录并持续观察后续出勤。', 'RULE', '2026-04-08 17:32:30'),
(5013, 3013, 'ATTENDANCE_WARNING', 'MEDIUM', 'PROCESSED', 70.10, '彭飞存在重复打卡行为。', '建议核对是否误操作并提醒员工。', 'RULE', '2026-04-08 09:04:30'),
(5014, 3014, 'ATTENDANCE_WARNING', 'MEDIUM', 'UNPROCESSED', 69.50, '邓琳出现非法时间打卡。', '建议核对排班或加班审批。', 'RULE', '2026-04-09 06:20:30'),
(5015, 3015, 'ATTENDANCE_WARNING', 'MEDIUM', 'UNPROCESSED', 74.60, '晓敏迟到时长偏高，建议关注。', '建议部门负责人及时提醒。', 'RULE', '2026-04-09 09:26:30'),
(5016, 3016, 'RISK_WARNING', 'HIGH', 'PROCESSED', 91.40, '高远短时跨区域打卡，存在高风险。', '建议立即复核同日地点轨迹。', 'MODEL_FUSION', '2026-04-09 08:49:30'),
(5017, 3017, 'ATTENDANCE_WARNING', 'LOW', 'UNPROCESSED', 58.40, '田欣出现早退情况。', '建议记录留档并观察后续情况。', 'RULE', '2026-04-09 17:12:30'),
(5018, 3018, 'ATTENDANCE_WARNING', 'MEDIUM', 'UNPROCESSED', 72.30, '国乐存在迟到异常。', '建议部门负责人进行提醒。', 'RULE', '2026-04-10 09:12:30'),
(5019, 3019, 'ATTENDANCE_WARNING', 'LOW', 'PROCESSED', 63.80, '林帆出现重复打卡。', '建议确认是否为误操作。', 'RULE', '2026-04-10 09:03:30'),
(5020, 3020, 'RISK_WARNING', 'HIGH', 'PROCESSED', 94.10, '姚楠存在疑似代打卡高风险。', '建议优先完成人工复核。', 'MODEL_FUSION', '2026-04-10 08:41:30'),
(5021, 3021, 'ATTENDANCE_WARNING', 'MEDIUM', 'UNPROCESSED', 67.10, '乔蕊早退时长较高。', '建议核对离岗审批情况。', 'RULE', '2026-04-10 17:18:30');

-- 测试复核数据
INSERT IGNORE INTO `reviewRecord` (`id`, `exceptionId`, `reviewUserId`, `result`, `comment`, `aiReviewSuggestion`, `similarCaseSummary`, `feedbackTag`, `strategyFeedback`, `reviewTime`) VALUES
(6001, 3001, 9001, 'CONFIRMED', '确认存在代打卡风险，已记录处理', 'AI 建议优先确认设备异常和地点跨度是否合理，当前风险偏高。', '历史上同类外部设备+低分值场景中，多数最终被确认异常。', 'TRUE_POSITIVE', '建议保留该提示词模板并提高设备异常权重。', '2026-03-26 09:10:00'),
(6010, 3011, 9001, 'CONFIRMED', '确认外部设备打卡异常，已完成处理', 'AI 建议优先核对设备位置与人脸分值。', '相似场景多与高风险代打卡有关。', 'TRUE_POSITIVE', '建议继续保留外部设备高风险策略。', '2026-04-08 09:05:00'),
(6011, 3013, 9001, 'FALSE_POSITIVE', '核对后判定为员工误操作', 'AI 建议查看重复点击时间窗。', '相似案例中存在误触发情况。', 'FALSE_POSITIVE', '建议优化重复打卡识别阈值。', '2026-04-08 10:10:00'),
(6012, 3016, 9001, 'CONFIRMED', '确认跨区域打卡异常，已升级关注', 'AI 建议优先核对同日轨迹与设备日志。', '历史跨区域高风险异常多数被确认。', 'TRUE_POSITIVE', '建议继续强化多地点异常规则。', '2026-04-09 09:20:00'),
(6013, 3019, 9001, 'FALSE_POSITIVE', '经核实为重复提交，不构成真实异常', 'AI 建议结合设备日志判断。', '类似样本多为重复提交。', 'FALSE_POSITIVE', '建议增加重复提交去重策略。', '2026-04-10 09:18:00'),
(6014, 3020, 9001, 'CONFIRMED', '确认存在代打卡风险，已留档', 'AI 建议优先确认设备与位置异常。', '外部设备低分值场景历史确认率较高。', 'TRUE_POSITIVE', '建议加强外部设备身份核验。', '2026-04-10 09:05:00');

-- 测试模型调用日志数据
INSERT IGNORE INTO `modelCallLog` (`id`, `businessType`, `businessId`, `promptTemplateId`, `inputSummary`, `outputSummary`, `status`, `latencyMs`, `errorMessage`, `createTime`) VALUES
(9001, 'EXCEPTION_ANALYSIS', 3001, 8001, '用户1002异常设备打卡摘要', '输出疑似代打卡、高风险、建议人工复核', 'SUCCESS', 1260, NULL, '2026-03-26 08:59:08'),
(9002, 'WARNING_ADVICE', 5001, 8002, '高风险异常预警生成摘要', '输出高优先级预警摘要和处置建议', 'SUCCESS', 880, NULL, '2026-03-26 08:59:18'),
(9003, 'REVIEW_ASSISTANT', 3001, 8003, '异常3001复核辅助摘要', '输出复核建议与相似案例摘要', 'SUCCESS', 940, NULL, '2026-03-26 09:05:00');

-- 测试决策追踪数据
INSERT IGNORE INTO `decisionTrace` (`id`, `businessType`, `businessId`, `ruleResult`, `modelResult`, `finalDecision`, `confidenceScore`, `decisionReason`, `createTime`) VALUES
(9501, 'ATTENDANCE_EXCEPTION', 3001, '规则层无法直接定性，仅命中设备异常和低分值特征', '模型判断为疑似代打卡，高风险，建议人工复核', '最终标记为高风险复杂异常并生成预警', 92.50, '规则特征与模型结论一致，提升至高风险并进入复核。', '2026-03-26 08:59:12'),
(9502, 'ATTENDANCE_EXCEPTION', 3002, '超过上班时间阈值', NULL, 'LATE', NULL, '规则已判定迟到，待管理员人工确认。', '2026-03-26 09:16:12'),
(9503, 'ATTENDANCE_EXCEPTION', 3003, '短时间内重复打卡', NULL, 'REPEAT_CHECK', NULL, '规则已判定重复打卡，待管理员人工确认。', '2026-03-26 09:00:12');

-- 测试操作日志数据
INSERT IGNORE INTO `operationLog` (`id`, `userId`, `type`, `content`, `operationTime`) VALUES
(7001, 9001, 'LOGIN', '管理员登录系统', '2026-03-26 08:00:00'),
(7002, 1001, 'CHECKIN', '张三完成上班打卡', '2026-03-26 08:58:00'),
(7003, 1002, 'CHECKIN', '李四在异常设备完成打卡', '2026-03-26 08:58:30'),
(7004, 9001, 'REVIEW', '管理员复核异常记录3001', '2026-03-26 09:10:00');
